{"cameraMode":{"drawMode":0,"name":"Shaded","section":"Shading Mode"},"sceneLighting":false,"audioPlay":false,"sceneViewState":{"m_AlwaysRefresh":false,"showFog":true,"showSkybox":false,"showFlares":true,"showImageEffects":true,"showParticleSystems":true,"showVisualEffectGraphs":true,"m_FxEnabled":true},"in2DMode":false,"pivot":{"x":8.680000305175782,"y":9.800872802734375,"z":61.84579849243164},"rotation":{"x":-0.14553280174732209,"y":0.045676518231630328,"z":-0.005546466913074255,"w":-0.9886685609817505},"size":43.76734161376953,"orthographic":false}