{"cameraMode":{"drawMode":0,"name":"Shaded","section":"Shading Mode"},"sceneLighting":true,"audioPlay":false,"sceneViewState":{"m_AlwaysRefresh":false,"showFog":true,"showSkybox":true,"showFlares":true,"showImageEffects":true,"showParticleSystems":true,"showVisualEffectGraphs":true,"m_FxEnabled":true},"in2DMode":false,"pivot":{"x":5.507081508636475,"y":5.614354133605957,"z":17.447038650512697},"rotation":{"x":-0.14553280174732209,"y":0.045676518231630328,"z":-0.005546466913074255,"w":-0.9886685609817505},"size":24.567934036254884,"orthographic":false}